Workbook

Sheet Legend
A1: Epibiont Monitoring on Shellfish Aquaculture Gear
A2: Stats workbook — dealteris_2004_hb111 (H&B 1.1.1 epibiota).
A4: How to use this workbook:
A5: • Enter your field data in the three yellow-header sheets. Row 2 (shaded) is an EXAMPLE — overwrite or delete it.
A6: • Type only in the data rows; do not edit the Summary sheet (its cells are formulas).
A7: • 'Sessile cover' = one row per quadrat, % cover (0–100) per group. 'Associated fauna' = one row per taxon, with its count.
A8: • The Summary sheet updates automatically: mean sessile cover per group, total fauna abundance, taxa richness, and Shannon diversity.
A9: • The rigorous cross-habitat/seasonal comparison (ANOVA) in the source paper is a partner-supported step, done outside this workbook.
A10: • These data-entry columns match the field datasheet exactly.

Sheet Deployment log
A1: Site | B1: Gear unit ID | C1: Season | D1: Date | E1: Observer | F1: Temp (°C) | G1: Salinity (ppt) | H1: DO (mg/L) | I1: Surface area (cm²) | J1: Gear type | K1: Notes
A2: Pt Judith Pond | B2: SAG-01 | C2: Summer | D2: 2024-07-15 | E2: J. Smith | F2: 22.5 | G2: 30.2 | H2: 6.8 | I2: 195000 | J2: Rack-and-bag oyster cage | K2: cleaned 5 wks prior

Sheet Sessile cover
A1: Gear unit ID | B1: Quadrat # | C1: Porifera (sponges) % | D1: Hydrozoa (hydroids) % | E1: Bryozoa % | F1: Ascidiacea (tunicates) % | G1: Algae % | H1: Other %
A2: SAG-01 | B2: 1 | C2: 12 | D2: 8 | E2: 25 | F2: 15 | G2: 5 | H2: 2

Sheet Associated fauna
A1: Gear unit ID | B1: Taxon | C1: Group (fish/crust./mollusc) | D1: Count | E1: Mean size (mm) | F1: Notes | G1: pi (auto) | H1: H' term (auto)
A2: SAG-01 | B2: Tautoga onitis (tautog) | C2: fish | D2: 6 | E2: 45 | G2: =IFERROR(D2/SUM($D$2:$D$200),0) -> 1 | H2: =IFERROR(-G2*LN(G2),0) -> 0
G3: =IFERROR(D3/SUM($D$2:$D$200),0) -> 0 | H3: =IFERROR(-G3*LN(G3),0) -> 0
G4: =IFERROR(D4/SUM($D$2:$D$200),0) -> 0 | H4: =IFERROR(-G4*LN(G4),0) -> 0
G5: =IFERROR(D5/SUM($D$2:$D$200),0) -> 0 | H5: =IFERROR(-G5*LN(G5),0) -> 0
G6: =IFERROR(D6/SUM($D$2:$D$200),0) -> 0 | H6: =IFERROR(-G6*LN(G6),0) -> 0
G7: =IFERROR(D7/SUM($D$2:$D$200),0) -> 0 | H7: =IFERROR(-G7*LN(G7),0) -> 0
G8: =IFERROR(D8/SUM($D$2:$D$200),0) -> 0 | H8: =IFERROR(-G8*LN(G8),0) -> 0
G9: =IFERROR(D9/SUM($D$2:$D$200),0) -> 0 | H9: =IFERROR(-G9*LN(G9),0) -> 0
G10: =IFERROR(D10/SUM($D$2:$D$200),0) -> 0 | H10: =IFERROR(-G10*LN(G10),0) -> 0
G11: =IFERROR(D11/SUM($D$2:$D$200),0) -> 0 | H11: =IFERROR(-G11*LN(G11),0) -> 0
G12: =IFERROR(D12/SUM($D$2:$D$200),0) -> 0 | H12: =IFERROR(-G12*LN(G12),0) -> 0
G13: =IFERROR(D13/SUM($D$2:$D$200),0) -> 0 | H13: =IFERROR(-G13*LN(G13),0) -> 0
G14: =IFERROR(D14/SUM($D$2:$D$200),0) -> 0 | H14: =IFERROR(-G14*LN(G14),0) -> 0
... G62: =IFERROR(D62/SUM($D$2:$D$200),0) -> 0 | H62: =IFERROR(-G62*LN(G62),0) -> 0

Sheet Summary
A1: Summary (auto-calculated)
A2: dealteris_2004_hb111 — updates from the data-entry sheets.
A5: Sessile-epibiont cover (mean % by group)
A6: Porifera (sponges) | B6: =IFERROR(AVERAGE('Sessile cover'!C2:C200),0) -> 12
A7: Hydrozoa (hydroids) | B7: =IFERROR(AVERAGE('Sessile cover'!D2:D200),0) -> 8
A8: Bryozoa | B8: =IFERROR(AVERAGE('Sessile cover'!E2:E200),0) -> 25
A9: Ascidiacea (tunicates) | B9: =IFERROR(AVERAGE('Sessile cover'!F2:F200),0) -> 15
A10: Algae | B10: =IFERROR(AVERAGE('Sessile cover'!G2:G200),0) -> 5
A11: Other | B11: =IFERROR(AVERAGE('Sessile cover'!H2:H200),0) -> 2
A13: Associated fauna
A14: Total abundance (individuals) | B14: =SUM('Associated fauna'!D2:D200) -> 6
A15: Taxa richness (no. of taxa) | B15: =COUNTIF('Associated fauna'!D2:D200,">0") -> 1
A16: Shannon diversity (H') | B16: =SUM('Associated fauna'!H2:H200) -> 0
