Workbook

Sheet Legend
A1: SMURF Monitoring of Fish Recruitment
A2: Stats workbook — underwood_2023_hb221 (H&B 2.2.1 recruitment).
A4: How to use this workbook:
A5: • Enter your field data in the two yellow-header sheets. Row 2 (shaded) is an EXAMPLE — overwrite or delete it.
A6: • 'Fish catch' = one row per fish (taxon, length, size class). 'Deployment log' = one row per SMURF per visit.
A7: • In the Summary sheet, the taxon tally lists each taxon you recorded — type each taxon name EXACTLY as in 'Fish catch'; counts, richness, and diversity fill in automatically.
A8: • Size class must be typed as Settler, Juvenile, or Adult (the Summary counts these).
A9: • The rigorous cross-habitat comparison (linear mixed models, NMDS) in the source is a partner-supported step, done outside this workbook.
A10: • These data-entry columns match the field datasheet exactly.

Sheet Deployment log
A1: Site | B1: SMURF ID | C1: Habitat (farm/reference) | D1: Depth (surface/seabed) | E1: Date | F1: Moon phase | G1: Observer | H1: Tidal range (m) | I1: Kelp biofouling (g) | J1: Notes
A2: Coromandel | B2: SMURF-01 | C2: farm | D2: surface | E2: 2024-12-16 | F2: New moon | G2: L. Underwood | H2: 3.8 | I2: 120 | J2: co-culture block

Sheet Fish catch
A1: SMURF ID | B1: Taxon | C1: Total length (mm) | D1: Size class (settler/juvenile/adult)
A2: SMURF-01 | B2: Fosterygion lapillum (common triplefin) | C2: 28 | D2: Settler

Sheet Summary
A1: Summary (auto-calculated)
A2: underwood_2023_hb221 — updates from the data-entry sheets.
A4: Recruitment totals
A5: Total recruits (fish caught) | B5: =COUNTA('Fish catch'!B2:B500) -> 1
A6: Settlers | B6: =COUNTIF('Fish catch'!D2:D500,"Settler") -> 1
A7: Juveniles | B7: =COUNTIF('Fish catch'!D2:D500,"Juvenile") -> 0
A8: Adults | B8: =COUNTIF('Fish catch'!D2:D500,"Adult") -> 0
A10: Taxon tally (type each taxon exactly as in 'Fish catch')
A11: Taxon | B11: Count | C11: pi (auto) | D11: H' term (auto)
A12: Fosterygion lapillum (common triplefin) | B12: =COUNTIF('Fish catch'!$B$2:$B$500,A12) -> 1 | C12: =IFERROR(B12/SUM($B$12:$B$23),0) -> 1 | D12: =IFERROR(-C12*LN(C12),0) -> 0
A13: Fosterygion gymnotum (robust triplefin) | B13: =COUNTIF('Fish catch'!$B$2:$B$500,A13) -> 0 | C13: =IFERROR(B13/SUM($B$12:$B$23),0) -> 0 | D13: =IFERROR(-C13*LN(C13),0) -> 0
A14: Notolabrus celidotus (spotty) | B14: =COUNTIF('Fish catch'!$B$2:$B$500,A14) -> 0 | C14: =IFERROR(B14/SUM($B$12:$B$23),0) -> 0 | D14: =IFERROR(-C14*LN(C14),0) -> 0
A15: Trachurus spp. (mackerel) | B15: =COUNTIF('Fish catch'!$B$2:$B$500,A15) -> 0 | C15: =IFERROR(B15/SUM($B$12:$B$23),0) -> 0 | D15: =IFERROR(-C15*LN(C15),0) -> 0
A16: Dellichthys trnskii (clingfish) | B16: =COUNTIF('Fish catch'!$B$2:$B$500,A16) -> 0 | C16: =IFERROR(B16/SUM($B$12:$B$23),0) -> 0 | D16: =IFERROR(-C16*LN(C16),0) -> 0
A17: Parika scaber (leatherjacket) | B17: =COUNTIF('Fish catch'!$B$2:$B$500,A17) -> 0 | C17: =IFERROR(B17/SUM($B$12:$B$23),0) -> 0 | D17: =IFERROR(-C17*LN(C17),0) -> 0
A18: Pseudophycis barbata | B18: =COUNTIF('Fish catch'!$B$2:$B$500,A18) -> 0 | C18: =IFERROR(B18/SUM($B$12:$B$23),0) -> 0 | D18: =IFERROR(-C18*LN(C18),0) -> 0
A19: Ericentrus rubrus | B19: =COUNTIF('Fish catch'!$B$2:$B$500,A19) -> 0 | C19: =IFERROR(B19/SUM($B$12:$B$23),0) -> 0 | D19: =IFERROR(-C19*LN(C19),0) -> 0
B20: =COUNTIF('Fish catch'!$B$2:$B$500,A20) -> 0 | C20: =IFERROR(B20/SUM($B$12:$B$23),0) -> 0 | D20: =IFERROR(-C20*LN(C20),0) -> 0
B21: =COUNTIF('Fish catch'!$B$2:$B$500,A21) -> 0 | C21: =IFERROR(B21/SUM($B$12:$B$23),0) -> 0 | D21: =IFERROR(-C21*LN(C21),0) -> 0
B22: =COUNTIF('Fish catch'!$B$2:$B$500,A22) -> 0 | C22: =IFERROR(B22/SUM($B$12:$B$23),0) -> 0 | D22: =IFERROR(-C22*LN(C22),0) -> 0
B23: =COUNTIF('Fish catch'!$B$2:$B$500,A23) -> 0 | C23: =IFERROR(B23/SUM($B$12:$B$23),0) -> 0 | D23: =IFERROR(-C23*LN(C23),0) -> 0
A25: Taxa richness (no. of taxa) | B25: =COUNTIF(B12:B23,">0") -> 1
A26: Shannon diversity (H') | B26: =SUM(D12:D23) -> 0
