Workbook

Sheet README
A1: AquaPIP Stats Workbook — Substrate-Comparison Spat Settlement (Protocol ID: hossain_2013)
A3: What this is
A4: Data-entry + analysis companion to the 'Substrate-Comparison Monitoring of Oyster Spat Settlement' field protocol. Enter field counts and spat sizes on Data Entry; per-substrate summaries update automatically. Water quality goes on the Water Quality sheet. The method is gear-agnostic — use whatever spat collector and water-quality instruments suit your site.
A6: How to use
A7: 1. Data Entry — one row per compartment per visit. Enter quadrat area, spat count, and mean spat length/width; spat density (individuals m⁻²) is computed for you.
A8: 2. Row 2 is a worked EXAMPLE (shaded yellow) — overwrite it with your first real record.
A9: 3. Summary — reads Data Entry automatically: observations, mean density and mean spat length per substrate. Edit the substrate labels in column A to match yours.
A10: 4. Settlement-over-time plot: on Data Entry select 'Weeks since deployment' vs 'Spat density' and insert a scatter, one series per substrate.
A11: 5. Water Quality — the full parameter set the protocol records, one row per visit.
A12: 6. Stats directions (PCA) — ranks overall substrate performance across all visits; that's an R step.
A14: Legend
A15: ■ Teal headers = labels (do not edit). ■ Yellow = example values to overwrite. ■ Density is a formula — leave it alone.
... A22: Adapted by AquaPIP from Hossain et al. (2013), Aquaculture Asia XVIII(1):15–24, NACA. The source does not fix: collector/compartment dimensions, replicate count, the instrument/method per water-quality parameter, or the photo counting rules. The photographic count/measure technique is defined by cited papers (Loosanoff 1966; O'Sullivan 1978; Davenport & Glasspool 1987; Hendriks 2005). This protocol omits the CC 3.1.1 (wave attenuation) mapping carried on the database row, because the method does not monitor coastal protection directly. Quadrat area 0.1444 m² = a 38×38 cm reference frame.

Sheet Data Entry
A1: Visit date | B1: Weeks since deployment | C1: Moon phase | D1: Site | E1: Collector ID | F1: Substrate | G1: Photo # | H1: Quadrat area (m²) | I1: Spat count | J1: Spat density (n m⁻²) | K1: Mean length (mm) | L1: Mean width (mm)
A2: 2024-05-06 | B2: 2 | C2: Full | D2: Site A | E2: C1 | F2: Windowpane shell | G2: c1_windowpane_wk2 | H2: 0.1444 | I2: 30 | J2: =IFERROR(I2/H2,"") -> 207.75623 | K2: 5 | L2: 7
J3: =IFERROR(I3/H3,"")
J4: =IFERROR(I4/H4,"")
J5: =IFERROR(I5/H5,"")
J6: =IFERROR(I6/H6,"")
J7: =IFERROR(I7/H7,"")
J8: =IFERROR(I8/H8,"")
J9: =IFERROR(I9/H9,"")
J10: =IFERROR(I10/H10,"")
J11: =IFERROR(I11/H11,"")
J12: =IFERROR(I12/H12,"")
J13: =IFERROR(I13/H13,"")
J14: =IFERROR(I14/H14,"")
... J100: =IFERROR(I100/H100,"")
A102: Row 2 is an example — overwrite it. Density formula pre-filled through row 100.

Sheet Summary
A1: Per-substrate summary
A2: Edit the substrate labels to match your Data Entry sheet exactly (spelling must match).
A4: Substrate | B4: Observations (n) | C4: Mean density (n m⁻²) | D4: Mean length (mm)
A5: Windowpane shell | B5: =COUNTIFS('Data Entry'!$F$2:$F$100,$A5) -> 1 | C5: =IFERROR(AVERAGEIFS('Data Entry'!$J$2:$J$100,'Data Entry'!$F$2:$F$100,$A5),"") -> 207.75623 | D5: =IFERROR(AVERAGEIFS('Data Entry'!$K$2:$K$100,'Data Entry'!$F$2:$F$100,$A5),"") -> 5
A6: Live oyster shell | B6: =COUNTIFS('Data Entry'!$F$2:$F$100,$A6) -> 0 | C6: =IFERROR(AVERAGEIFS('Data Entry'!$J$2:$J$100,'Data Entry'!$F$2:$F$100,$A6),"") | D6: =IFERROR(AVERAGEIFS('Data Entry'!$K$2:$K$100,'Data Entry'!$F$2:$F$100,$A6),"")
A7: Dead oyster shell | B7: =COUNTIFS('Data Entry'!$F$2:$F$100,$A7) -> 0 | C7: =IFERROR(AVERAGEIFS('Data Entry'!$J$2:$J$100,'Data Entry'!$F$2:$F$100,$A7),"") | D7: =IFERROR(AVERAGEIFS('Data Entry'!$K$2:$K$100,'Data Entry'!$F$2:$F$100,$A7),"")
A8: Stone / rubble | B8: =COUNTIFS('Data Entry'!$F$2:$F$100,$A8) -> 0 | C8: =IFERROR(AVERAGEIFS('Data Entry'!$J$2:$J$100,'Data Entry'!$F$2:$F$100,$A8),"") | D8: =IFERROR(AVERAGEIFS('Data Entry'!$K$2:$K$100,'Data Entry'!$F$2:$F$100,$A8),"")

Sheet Water Quality
A1: Visit date | B1: Moon phase | C1: Site | D1: Temp (°C) | E1: Salinity (‰) | F1: pH | G1: DO (mg/L) | H1: Current (m/s) | I1: Tidal mag. (m) | J1: Wave ht (cm) | K1: Primary prod. (mgC/L/d) | L1: TDS (g/L) | M1: TSS (mg/L) | N1: Notes

Sheet Stats directions
A1: Rank substrate performance — PCA (do this in R)
A3: Why
A4: Ranking substrate performance across all visits at once is a multivariate question — a PCA of spat abundance across sampling periods on each substrate, read by vector length / separation to rank which substrate performs best. It belongs in R, not a spreadsheet.
A6: Steps
A7: 1. On Data Entry, File → Save As → CSV to get data_entry.csv.
A8: 2. Build a matrix: rows = substrate, columns = sampling period (week), values = spat density.
A9: 3. Run PCA on the scaled matrix; read the biplot. Longer vectors / clearer separation = stronger, more distinct performers.
A10: 4. (Optional) test the substrate effect statistically with PERMANOVA (vegan::adonis2).
A12: R recipe
A13: library(tidyverse); library(vegan)
A14: d <- read_csv("data_entry.csv")
A15: m <- d %>% group_by(Substrate, `Weeks since deployment`) %>%
... A24: Column names assume the Data Entry sheet exported as-is; adjust if you renamed columns.
