Workbook

Sheet How to use
A1: Welcome to the TNC Filtration Services estimator tool.
A2: This tool is designed to allow growers to estimate the potential maximum volume of water cleared by the bivalves being grown on site.
A4: Instructions
A5: Open the "Filtration_calculator" tab and select the species of interest from the drop down menu in the left most column.
A6: Enter your mean shell height into the yellow cell. The form will automatically fill in an estimated dry tissue weight for the inputted shell height.
A7: Enter your water temperature into the green cell. The estiamted volume of water cleared will be automatically generated.
A8: To account for different size classes of bivalves, these can be entered independently (size and number of individuals), and the totals summed.
A10: Important caveats
A11: There are a number of caveats as to how the "volume of water cleared" should be interpreted. Please be mindful of the fact that these estimates are a best case scenario derived only on water temperature and bivalve size alone and do not account for: particle size, salinity, particulate matter concentration, water flow rate, pollutant concentrations, diurnal variability; all of which may negatively affect the clearance rate. Furthmore, this tool does not account for re-fitration of water, and assumes a perfectly mixed watercolumn.
A12: At the moment, the spreadsheet picks up the first of the listed length to dry tissue weight conversion listed. If an alternative location/season is preferable, this currently has to be manually selected.

Sheet Filtration_calculator
A1: Species | B1: Clearance_rate_formula | C1: Shell height (mm) | D1: DTW (g) | E1: Temperature © | F1: Filtration rate (L) per individual per hour | G1: Number of bivalves | H1: Filtration (L/h) | I1: Filtration m3/day | K1: NB: please select or input data in columns indicated in bold.
A2: Pinna rudis | B2: =VLOOKUP(A2,Final_equations!A:C,3,FALSE) -> CR(L/h)= 12.3 exp( -0.00889 * (T - 26.8)^2 ) * (DTW)^0.784 | C2: 50 | D2: =VLOOKUP(Filtration_calculator!A2,'length-weight_conversions'!A1:E24,5,FALSE) -> 0.066357321 | E2: 25 | F2: =VLOOKUP(A2,Final_equations!A:B,2,FALSE) -> 1.4248092 | G2: 10000 | H2: =F2*G2 -> 14248.092 | I2: =H2/1000*24 -> 341.95422

Sheet length-weight_conversions
A1: Species | B1: Location | C1: Season | D1: equation | E1: Length-weight conversion (mm to g dry tissue weight) | F1: Reference | G1: Note
A2: Crassostrea rhizophorae | B2: Aracruz, ES, Brazil | C2: June (dry season) | D2: DTW(g) = -0.451 + 0.0186 * (L/mm) | E2: =-0.451+0.0186*Filtration_calculator!C2 -> 0.479 | F2: Sroczyńska et al. 2012
A3: Pinna nobilis | B3: Vila Joiosa, Alicante (Spain) | C3: unknown | D3: DTW (g)= 0.00000321 L(mm)^2.54 | E3: =0.00000321*Filtration_calculator!C2^2.54 -> 0.066357321 | F3: Hernandes et al. 2021 | G3: Length-weight conversion is for Pinna rudis
A4: Pinna rudis | B4: Vila Joiosa, Alicante (Spain) | C4: unknown | D4: DTW (g)= 0.00000321 L(mm)^2.54 | E4: =0.00000321*Filtration_calculator!C2^2.54 -> 0.066357321 | F4: Hernandes et al. 2021
A5: Mytilus chilensis | B5: Corral bay (Chile) | C5: January (summer) | D5: DTW(g)=0.000027*Length(mm)^2.525 | E5: =0.000027*Filtration_calculator!C2^2.525 -> 0.52633594 | F5: Ibarrola et al. 2012
A6: Mytilus chilensis | B6: Yaldad Bay (southern Chile) | C6: February (summer) | D6: DTW(g)=0.0089*L(cm)^2.82 | E6: =0.0089*(Filtration_calculator!C2/10)^2.82 -> 0.83269397 | F6: Navarro & Winter 1982
A7: Crassostrea gigas | B7: Marlborough Sounds, New Zealand | C7: April (Autumn) | D7: DTW(g)=0.0041*L(cm)^2.54 | E7: =0.0041*(Filtration_calculator!C2/10)^2.48 -> 0.22193688 | F7: Sarà & Mazzola 1997
A8: Saccostrea glomerata
A9: Pinctada fucata
A10: Pinctada maxima
A11: Mytilus galloprovincialis | B11: Fangar, Ebro Delta | C11: Annual | D11: DTW(g)=(0.137*10^-5)*L(mm)^3.2171 | E11: =(0.137*10^-5)*Filtration_calculator!C2^3.2171 -> 0.40038423 | F11: Ramón et al. 2007
A12: Mytilus galloprovincialis | B12: Masnou, Ebro Delta | C12: Annual | D12: DTW(g)=(0.169*10^-5)*L(mm)^3.1475 | E12: =(0.169*10^-5)*Filtration_calculator!C2^3.1475 -> 0.37617921 | F12: Ramón et al. 2007
A13: Ruditapes decussatus | B13: Mundka, País vasco, Northern Spain | C13: Summer | D13: DTW(g)=1.703*10^-5*(Lmm)^2.891 | E13: =1.703*10^-5*Filtration_calculator!C2^2.891 -> 1.3897508 | F13: Urrutia et al. 1999 | G13: Noted that this is for a natural intertidal population and condition may therefore be lower than in aquaculture. Length to weight shows strong seasonal variability. The values presented here are the mean values by season.
A14: Ruditapes decussatus | B14: Mundka, País vasco, Northern Spain | C14: Autumn | D14: DTW(g)=1.815*10^-5*(Lmm)^2.909 | E14: =1.815*10^-5*Filtration_calculator!C2^2.909 -> 1.5892066 | F14: Urrutia et al. 1999 | G14: Noted that this is for a natural intertidal population and condition may therefore be lower than in aquaculture. Length to weight shows strong seasonal variability. The values presented here are the mean values by season.
A15: Ruditapes decussatus | B15: Mundka, País vasco, Northern Spain | C15: Winter | D15: DTW(g)=1.610*10^-5*(Lmm)^2.906 | E15: =1.61*10^-5*Filtration_calculator!C2^2.906 -> 1.3932617 | F15: Urrutia et al. 1999 | G15: Noted that this is for a natural intertidal population and condition may therefore be lower than in aquaculture. Length to weight shows strong seasonal variability. The values presented here are the mean values by season.
A16: Ruditapes decussatus | B16: Mundka, País vasco, Northern Spain | C16: Spring | D16: DTW(g)=1.773*10^-5*(Lmm)^2.870 | E16: =1.773*10^-5*Filtration_calculator!C2^2.87 -> 1.3327621 | F16: Urrutia et al. 1999 | G16: Noted that this is for a natural intertidal population and condition may therefore be lower than in aquaculture. Length to weight shows strong seasonal variability. The values presented here are the mean values by season.
A17: Ruditapes philippinarum | B17: Cantabria (Northern Spain) | C17: Summer | D17: DTW(g)=12.39494*10^-6*(Lmm)^2.89704 | E17: =12.39494*10^-6*Filtration_calculator!C2^2.89704 -> 1.0356869 | F17: Alvarez Jorna, P. (1995)
A18: Ruditapes philippinarum | B18: Cantabria (Northern Spain) | C18: Autumn | D18: DTW(g)=18.9936333*10^-6*(Lmm)^2.7178 | E18: =18.9936333*10^-6*Filtration_calculator!C2^2.7178 -> 0.78717035 | F18: Alvarez Jorna, P. (1995)
A19: Ruditapes philippinarum | B19: Cantabria (Northern Spain) | C19: Winter | D19: DTW(g)=13.7052875*10^-6*(Lmm)^2.8253 | E19: =13.7052875*10^-6*Filtration_calculator!C2^2.8253 -> 0.86494423 | F19: Alvarez Jorna, P. (1995)
A20: Ruditapes philippinarum | B20: Cantabria (Northern Spain) | C20: Spring | D20: DTW(g)=17.1689125*10^-6*(Lmm)^2.7503 | E20: =17.1689125*10^-6*Filtration_calculator!C2^2.7503 -> 0.80801606 | F20: Alvarez Jorna, P. (1995)
A21: Pinctada imbricata
A22: Ostrea angasi | B22: Mar Menor, Spain | D22: DWmeat.mg = 0.00554 (H.mm)^2.69 | E22: =0.00000554*(Filtration_calculator!C2)^2.69 -> 0.20593923 | F22: Hernandes unpublished data | G22: NB this data is for the proxy species Ostrea edulis. To obtain the height-weight conversion we fitted a linear model for log(Weight) as a function of log(height). The R^2 of the fit was 0.84.
A23: Mytilus edulis | B23: Not required

Sheet Final_equations
A1: Species | B1: CR formula | C1: Formula_in_full | D1: Reference | E1: Notes
A2: Patinopecten yessoensis | B2: No CR formula available
A3: Crassostrea gigas | B3: =(4.825-(0.013*(Filtration_calculator!E2-18.954)^2))*Filtration_calculator!D2^0.439 -> 1.3221421 | C3: CR=(4.825-(0.013*(Temp-18.954)^2))*W^0.439 | D3: Bougrier et al. 1995 | E3: Equation as given in the reference.
A4: Saccostrea glomerata | B4: =16.34*EXP(-0.0152*(Filtration_calculator!E2-28.6)^2 )*Filtration_calculator!D2^0.608 -> 2.5787422 | C4: CR=16.34*EXP(-0.0152*(T-28.6)^2 )*DTW^0.608 | D4: Yuanshao_etal.2002 and Rennie et al. 2024 | E4: Allometric relationship from Yuanshao_etal.2002, temperature relationship derived from least squares, data extracted from Figure 1, Rennie et al. 2024
A5: Pinctada fucata | B5: =7.475*EXP(-0.00473*(Filtration_calculator!E2-29.1)^2 )*Filtration_calculator!D2^(0.75) -> 0.90260246 | C5: CR = 7.475 * exp( -0.00473 * (T - 29.1)^2 ) * W^(0.75) | D5: Mondal_etal.2005 | E5: Mondal provides separate fits of filtration rate versus dry tissue weight at five temperatures. These fits have exponents, b ~ 0.75, that are almost independent of temperature. Therefore, we fixed this exponent and adjusted the amplitude such that the filtration rate at the average dry tissue weight across samples matched the original fit.
A6: Pinctada maxima | B6: =13.1*EXP(-0.0099*(Filtration_calculator!E2-28.3)^2)*Filtration_calculator!D2^0.617 -> 2.2057434 | C6: CR = 13.1 * exp( -0.0099 * (T - 28.3)^2 ) * W^0.617 | D6: Yukihira et al. 1998a and Yukihira et al. 1998b
A7: Mytilus galloprovincialis | B7: =4.16*EXP(-0.0181*(Filtration_calculator!E2-14.88)^2)*Filtration_calculator!D2^0.58 -> 0.13512537 | C7: CR = 4.16 exp( -0.0181 (T - 14.88)^2 ) * W^0.58 | D7: Filgueria et al. 2008, Arranz et al. 2016, Cranford et al. 2011 | E7: "Universal" allometric relationship used. Only valid for temps between 10 and 14C
A8: Ruditapes decussatus | B8: =5.14*EXP(-0.00246*(Filtration_calculator!E2- 18.5)^2 )*Filtration_calculator!D2^0.7 -> 0.69366042 | C8: CR = 5.14 * exp( -0.00246 * (T - 18.5)^2 ) (W in g)^0.7 l per hour | D8: Sobral and Widdows 1997
A9: Ruditapes philippinarum | B9: =2.54*EXP(-0.00411*(Filtration_calculator!E2-27.9)^2)*Filtration_calculator!D2^0.792 -> 0.28625841 | C9: CR = 2.54 * exp( -0.00411 * (T - 27.9)^2 ) * W^0.792 | D9: Yoon Kang et al. 2006 | E9: fitted to the CR values from the lowest concentration of SPM for each temperature. NB: the lowest SPMs are not the same at all temperatures
A10: Pinctada imbricata | B10: No CR formula available
A11: Crassostrea rhizophorae | B11: =5.04*EXP(-0.0454*(Filtration_calculator!E2-29.3)^2)*Filtration_calculator!D2^0.764 -> 0.27402289 | C11: CR = 5.04 * exp( -0.0454 * (T - 29.3)^2 ) * DW^0.764 | D11: Madrigal et al. 1985
A12: Ostrea angasi | B12: =(0.162+(0.072*1.131^Filtration_calculator!E2))*Filtration_calculator!D2^0.622 -> 0.31911584 | C12: O. edulis used as proxy: CR=(0.162+(0.072*1.131^Temp))*DW^0.622 | D12: Haure et al 1998
A13: Mytilus edulis | B13: =(0.0000513*Filtration_calculator!E2+0.000599)*(Filtration_calculator!C2)^2.088/(1+EXP(-2*(Filtration_calculator!E2-4.1))+EXP(2*(Filtration_calculator!E2-25))) -> 3.3183607 | C13: CR = l per hr (0.0000513 * T + 0.000599) * (L in mm)^2.088 / (1 + exp(-2(T-4.1)) + exp(2(T-25))) | D13: Kittner and Riisgård 2005, Riisgård et al. 2014, Schulte 1975
A14: Perna viridis | B14: No CR formula available
A15: Mytilus chilensis | B15: =2.454*(Filtration_calculator!D2)^0.492 -> 0.64601689 | C15: CR (l/h) = 2.454 * (W / g)^0.492 | D15: Lopez Bascur 2013 | E15: Only valid for water temperatures between 10-14C
A16: Pinna nobilis | B16: =18.3*EXP(-0.00889*(Filtration_calculator!E2- 26.8)^2 )*Filtration_calculator!D2^0.784 -> 2.1198381 | C16: CR(L/h)= 18.3 exp( -0.00889 * (T - 26.8)^2 ) * (DTW)^0.784 | D16: Hernandes et al. 2023 and Hernandes unpublished data | E16: Weight dependence fitted to CR data from Pinna rudis data and temperature dependence fitted to CR estimates for Pinna nobilis.
A17: Pinna rudis | B17: =12.3*EXP(-0.00889*(Filtration_calculator!E2- 26.8)^2 )*Filtration_calculator!D2^0.784 -> 1.4248092 | C17: CR(L/h)= 12.3 exp( -0.00889 * (T - 26.8)^2 ) * (DTW)^0.784 | D17: Hernandes et al. 2023 and Hernandes unpublished data | E17: Normalised to the Pinna rudis data, with temperature dependence derived from Pinna nobilis.
A18: Notes
A19: Where the relationship between clearance rate and temperature has been fitted to extracted data, the logarithm of the amplitude was fitted as a quadratic function of temperature using a least squares fitting procedure in python to generate a model with the following terms: a * exp( b * (T - c)^2 ), where a is....

Sheet References
A1: Citation | B1: Full reference | C1: Link
A2: Bougrier et al. 1995 | B2: Bougrier, S., Geairon, P., Deslous-Paoli, J. M., Bacher, C., & Jonquières, G. (1995). Allometric relationships and effects of temperature on clearance and oxygen consumption rates of Crassostrea gigas (Thunberg). Aquaculture, 134(1-2), 143-154. | C2: =HYPERLINK("http://dx.doi.org/10.1016/0044-8486(95)00036-2","http://dx.doi.org/10.1016/0044-8486(95)00036-2") -> http://dx.doi.org/10.1016/0044-8486(95)00036-2
A3: Yuanshao_etal.2002 | B3: Yuanshoa, L., Wenxin, L., Wenqing, C., Donghui, G., Airong, Z., & Changjiang, H. (2002). Studies on filtration rate in four species of suspension feeding bivalves. Acta oceanologica sinica, 21(1), 147-155. | C3: https://www.researchgate.net/profile/Guo-Donghui-2/publication/286722346_Studies_on_filtration_rate_in_four_species_of_suspension_feeding_bivalves/links/5786782008aec5c2e4e2ef1c/Studies-on-filtration-rate-in-four-species-of-suspension-feeding-bivalves.pdf
A4: Rennie et al. 2024 | B4: Rennie, B., Nowland, S. J., Cooke, I. R., & Strugnell, J. M. (2024). Filtration rate and bioremediatory potential of the tropical blacklip rock oyster Saccostrea lineage J. Aquaculture Environment Interactions, 16, 133-144. | C4: https://www.int-res.com/articles/aei2024/16/q016p133.pdf
A5: Mondal_etal.2005 | B5: Mondal, S. K. (2006). Effect of temperature and body size on food utilization in the marine pearl oyster Pinctada fucata (Bivalvia: Pteridae). Indian Journal of Marine Sciences, 35(1), 43-49. | C5: http://eprints.cmfri.org.in/9905/1/IJMS_35%281%29_43-49_Mondal.pdf
A6: Yukihira et al. 1998a | B6: Yukihira, H., Klumpp, D. W., & Lucas, J. S. (1998). Effects of body size on suspension feeding and energy budgets of the pearl oysters Pinctada margaritifera and P. maxima. Marine Ecology Progress Series, 170, 119-130. | C6: =HYPERLINK("http://dx.doi.org/10.3354/meps170119","http://dx.doi.org/10.3354/meps170119") -> http://dx.doi.org/10.3354/meps170119
A7: Yukihira et al. 1998b | B7: Yukihira, H., Lucas, J. S., & Klumpp, D. W. (2000). Comparative effects of temperature on suspension feeding and energy budgets of the pearl oysters Pinctada margaritifera and P. maxima. Marine Ecology Progress Series, 195, 179-188. | C7: =HYPERLINK("http://dx.doi.org/10.3354/meps195179","http://dx.doi.org/10.3354/meps195179") -> http://dx.doi.org/10.3354/meps195179
A8: Yoon Kang et al. 2006 | B8: Kang, H. Y., Lee, Y. J., Choi, K. S., Park, H. J., Yun, S. G., & Kang, C. K. (2016). Combined effects of temperature and seston concentration on the physiological energetics of the Manila clam Ruditapes philippinarum. PLoS One, 11(3), e0152427. | C8: =HYPERLINK("http://dx.doi.org/10.1371/journal.pone.0152427","http://dx.doi.org/10.1371/journal.pone.0152427") -> http://dx.doi.org/10.1371/journal.pone.0152427
A9: Haure et al 1998 | B9: Haure, J., Penisson, C., Bougrier, S., & Baud, J. P. (1998). Influence of temperature on clearance and oxygen consumption rates of the flat oyster Ostrea edulis: determination of allometric coefficients. Aquaculture, 169(3-4), 211-224. | C9: =HYPERLINK("http://dx.doi.org/10.1016/S0044-8486(98)00383-4","http://dx.doi.org/10.1016/S0044-8486(98)00383-4") -> http://dx.doi.org/10.1016/S0044-8486(98)00383-4
A10: Sroczyńska et al. 2012 | B10: Sroczyńska, K., Barroso, G., & Chícharo, L. (2012). In situ effective clearance rate measurement of mangrove oysters (Crassostrea rhizophorae) in a tropical estuary in Brazil. Ecohydrology & Hydrobiology, 12(4), 301-310. | C10: 10.2478/v10104-012-0024-0
A11: Madrigal et al. 1985 | B11: Madrigal Castro, E., Pacheco Urpí, O., Zamora Madriz, E., Quesada Quesada, R., & Alfaro-Montoya, J. (1985). Tasa de filtración del ostión de manglar,(Crassostrea rhizophorae, Guilding 1828), a diferentes salinidades y temperaturas. | C11: https://repositorio.una.ac.cr/server/api/core/bitstreams/02f6de5d-8386-4396-8593-9ed6d8d50b9d/content
A12: Riisgård et al. 2014 | B12: Riisgård, H. U., Larsen, P. S., & Pleissner, D. (2014). Allometric equations for maximum filtration rate in blue mussels Mytilus edulis and importance of condition index. Helgoland Marine Research, 68(1), 193-198. | C12: =HYPERLINK("http://dx.doi.org/10.1007/s10152-013-0377-9","http://dx.doi.org/10.1007/s10152-013-0377-9") -> http://dx.doi.org/10.1007/s10152-013-0377-9
A13: Kittner and Riisgård 2005 | B13: Kittner, C., & Riisgård, H. U. (2005). Effect of temperature on filtration rate in the mussel Mytilus edulis: no evidence for temperature compensation. Marine Ecology Progress Series, 305, 147-152. | C13: =HYPERLINK("http://dx.doi.org/10.3354/meps305147","http://dx.doi.org/10.3354/meps305147") -> http://dx.doi.org/10.3354/meps305147
A14: Schulte 1975 | B14: Schulte, E. H. (1975). Influence of algal concentration and temperature on the filtration rate of Mytilus edulis. Marine biology, 30(4), 331-341. | C14: https://link.springer.com/article/10.1007/BF00390638
A15: Ibarrola et al. 2012 | B15: Ibarrola, I., Arambalza, U., Navarro, J. M., Urrutia, M. B., & Navarro, E. (2012). Allometric relationships in feeding and digestion in the Chilean mytilids Mytilus chilensis (Hupé), Choromytilus chorus (Molina) and Aulacomya ater (Molina): a comparative study. Journal of Experimental Marine Biology and Ecology, 426, 18-27. | C15: https://www.sciencedirect.com/science/article/abs/pii/S0022098112001773
A16: Navarro & Winter 1982 | B16: Navarro, J. M., & Winter, J. E. (1982). Ingestion rate, assimilation efficiency and energy balance in Mytilus chilensis in relation to body size and different algal concentrations. Marine Biology, 67(3), 255-266. | C16: https://link.springer.com/article/10.1007/BF00397666
A17: Lopez Bascur 2013 | B17: Lopez Bascur, J. A.(2013). Respuesta fisiologica de Mytilus chilensis (chorito) en cultivo suspendido (dalcahue, chiloe) y su relacion con las variables ambientales (Doctoral Dissertation, Universidad Austral De Chile). | C17: http://cybertesis.uach.cl/tesis/uach/2013/fcl864r/doc/fcl864r.pdf
A18: Sarà & Mazzola 1997 | B18: Sarà, G., & Mazzola, A. (1997). Effects of trophic and environmental conditions on the growth of Crassostrea gigas in culture. Aquaculture, 153(1-2), 81-91. | C18: https://www.sciencedirect.com/science/article/pii/S0044848697000094
A19: Sobral and Widdows 1997 | B19: Sobral, P. & Widdows, J. (1997). Effects of elevated temperatures on the scope for growth and resistance to air exposure of the clam Ruditapes decussatus (L.), from southern Portugal. Scientia Marina. 61:163-171 | C19: https://www.researchgate.net/publication/239558985_Effects_of_elevated_temperatures_on_the_scope_for_growth_and_resistance_to_air_exposure_of_the_clam_Ruditapes_decussatus_L_from_southern_Portugal
A20: Arranz et al. 2016 | B20: Arranz, K., Labarta, U., Fernández-Reiriz, M. J., & Navarro, E. (2016). Allometric size-scaling of biometric growth parameters and metabolic and excretion rates. A comparative study of intertidal and subtidal populations of mussels (Mytilus galloprovincialis). Hydrobiologia, 772(1), 261-275. | C20: https://idp.springer.com/authorize/casa?redirect_uri=https://link.springer.com/content/pdf/10.1007/s10750-016-2672-3.pdf&casa_token=z8bEXwsk2owAAAAA:dI1bb2qz59PAC7lgcTIdXTKZzrCP5FMeg1x29dR4HFpHjmHtDx5ULGT0n02Oi9PR4I8soCSRHqF62szTZg
A21: Filgueria et al. 2008 | B21: Filgueira, R., Labarta, U., & Fernández-Reiriz, M. J. (2008). Effect of condition index on allometric relationships of clearance rate in Mytilus galloprovincialis Lamarck, 1819. Revista de biología marina y oceanografía, 43(2), 391-398. | C21: https://dialnet.unirioja.es/descarga/articulo/5295154.pdf
A22: Cranford et al. 2011 | B22: Cranford, P. J., Ward, J. E., & Shumway, S. E. (2011). Bivalve filter feeding: variability and limits of the aquaculture biofilter. Shellfish aquaculture and the environment, 81-124. | C22: http://nacsetac.org/wp-content/uploads/2021/05/Cranford_etal_2011_Shellf_Aq_Env-corrected.pdf
A23: Urrutia et al. 1999 | B23: Urrutia, M. B., Ibarrola, I., Iglesias, J. I. P., & Navarro, E. (1999). Energetics of growth and reproduction in a high-tidal population of the clam Ruditapes decussatus from Urdaibai Estuary (Basque Country, N. Spain). Journal of Sea Research, 42(1), 35-48. | C23: https://www.sciencedirect.com/science/article/pii/S1385110199000179
A24: Ramón et al. 2007 | B24: Ramón, M., Fernández, M., & Galimany, E. (2007). Development of mussel (Mytilus galloprovincialis) seed from two different origins in a semi-enclosed Mediterranean Bay (NE Spain). Aquaculture, 264(1-4), 148-159. | C24: https://ecowin.org/pdf/documents/Ramon%20et%20al%202007%20Gallo%20mussel%20seed%20Aquaculture.pdf
A25: Alvarez Jorna, P. (1995) | B25: Alvarez Jorna, P. (1995) Crecimiento, reproducción y energética fisiológica de la almeja tapes philippinarum. PhD Thesis. Universidad del País Vasco - Euskal Herriko Unibertsitatea
A26: Hernandes et al. 2021 | B26: Hernandis, S., Tena-Medialdea, J., Téllez, C., López, D., Prado, P., & García-March, J. R. (2021). Suspended culture of Pinna rudis enhances survival and allows the development of a seasonal growth model for Mediterranean Pinnids. Aquaculture, 543, 736964. | C26: https://repositori.irta.cat/bitstream/handle/20.500.12327/1454/Hernandis_Suspended_2021.pdf?sequence=1
A27: Hernandis et al. 2023 | B27: Hernandis, S., Ibarrola, I., Tena-Medialdea, J., Albentosa, M., Prado, P., Vázquez-Luis, M., & García-March, J. R. (2023). Physiological responses of the fan mussel Pinna nobilis to temperature: ecological and captivity implications. Mediterranean Marine Science. | C27: https://repositori.irta.cat/bitstream/handle/20.500.12327/2228/Hernandis_Physiological_2023.pdf?sequence=1
